#D	f_hom	f_d	f_dM
0.201364736631251 0.054166478026835 0.0333731906174148 0.0385731925898124
