#D	f_hom	f_d	f_dM
0.309262440858502 0.0897055987304265 0.0561199243012762 0.065288803601983
