#D	f_hom	f_d	f_dM
0.471138179572988 0.163203396317816 0.10465703871473 0.14621232785485
