#D	f_hom	f_d	f_dM
0.132354152121013 0.0239732343424162 0.0167584726640201 0.0175681559921518
