#D	f_hom	f_d	f_dM
0.243719349241596 0.0486063436470137 0.0344662851331683 0.0384841846511478
