#D	f_hom	f_d	f_dM
0.354959357590686 0.109712067109257 0.0690571509534442 0.0887020096618339
